<?xml version="1.0" encoding="UTF-8"?>
<!DOCTYPE mapper
PUBLIC "-//mybatis.org//DTD Mapper 3.0//EN"
"http://mybatis.org/dtd/mybatis-3-mapper.dtd">

<mapper namespace="org.skc.mapper.NoticeMapper">

<sql id="searchSQL">
<if test="searchType != null">
	<if test="searchType eq 't'.toString()">
	and no_title like CONCAT('%', #{keyword}, '%')
	</if>
	<if test="searchType eq 'c'.toString()">
	and no_content like CONCAT('%', #{keyword}, '%')
	</if>
	<if test="searchType eq 'tc'.toString()">
	and ( no_title like CONCAT('%', #{keyword}, '%')  
	OR no_content like CONCAT('%', #{keyword}, '%'))
	</if>
</if>	
</sql>

<select id="listAll" resultType="org.skc.admin.notice.NoticeVO">
	select * from tbl_notice 
	where no_seq>0   
	<include refid="searchSQL" /> 
	order by no_seq desc 
	limit #{pageStart}, #{perPageNum}
</select>

<select id="countPaging" resultType="org.skc.page.PageMaker">
	select count(no_seq) totalCount 
	from tbl_notice 
	where no_seq>0 
	<include refid="searchSQL" />
</select>
</mapper>